[
    {
        "alias": [],
        "category": [],
        "classKind": "SpecializedQuantityKind",
        "defaultScale": "3d5bddb6-640f-4d79-9c35-64a554946884",
        "definition": [],
        "excludedDomain": [],
        "excludedPerson": [],
        "general": "56d04e21-e008-4cec-82f6-1bc11cacb2f8",
        "hyperLink": [],
        "iid": "0249b80d-1cc1-4f9e-85fb-449a8fdd481c",
        "isDeprecated": false,
        "modifiedOn": "2024-07-30T09:00:24.149Z",
        "name": "Trim",
        "possibleScale": [],
        "quantityDimensionSymbol": null,
        "revisionNumber": 1081,
        "shortName": "TRIM",
        "symbol": "Tr",
        "thingPreference": null
    },
    {
        "classKind": "ParameterTypeComponent",
        "excludedDomain": [],
        "excludedPerson": [],
        "iid": "0edd95f2-4318-40cb-ad85-f8b7540657b5",
        "modifiedOn": "2024-08-27T11:41:45.685Z",
        "parameterType": "f21ab317-c896-4567-abd0-68bd2ec42592",
        "revisionNumber": 1081,
        "scale": "56863161-fa3a-47b8-a3cd-16465f734b27",
        "shortName": "r13",
        "thingPreference": null
    },
    {
        "alias": [],
        "category": [],
        "classKind": "SpecializedQuantityKind",
        "defaultScale": "c9b39c7d-24d3-4e1a-b7be-5643be714dac",
        "definition": [],
        "excludedDomain": [],
        "excludedPerson": [],
        "general": "eff75bfd-f203-419d-bd34-c36a56d7c3f9",
        "hyperLink": [],
        "iid": "1372c787-5078-49ec-9ed3-b80aab216fe3",
        "isDeprecated": false,
        "modifiedOn": "2024-07-30T14:02:51.837Z",
        "name": "tank capacity - MeOH",
        "possibleScale": [],
        "quantityDimensionSymbol": null,
        "revisionNumber": 1081,
        "shortName": "V_MeOH",
        "symbol": "V_MeOH",
        "thingPreference": null
    },
    {
        "alias": [],
        "category": [],
        "classKind": "TextParameterType",
        "definition": [],
        "excludedDomain": [],
        "excludedPerson": [],
        "hyperLink": [],
        "iid": "4efab533-4f8a-41bb-a9b8-543d2a46118f",
        "isDeprecated": false,
        "modifiedOn": "2024-08-27T12:37:30.875Z",
        "name": "Color",
        "revisionNumber": 1081,
        "shortName": "color",
        "symbol": "color",
        "thingPreference": null
    },
    {
        "alias": [],
        "category": [],
        "classKind": "SpecializedQuantityKind",
        "defaultScale": "56863161-fa3a-47b8-a3cd-16465f734b27",
        "definition": [],
        "excludedDomain": [],
        "excludedPerson": [],
        "general": "57c6c496-ed26-4e58-a429-3dd2094e4d96",
        "hyperLink": [],
        "iid": "568d652b-d136-4bae-9ce5-f3f6508fdd11",
        "isDeprecated": false,
        "modifiedOn": "2024-08-13T15:05:15.599Z",
        "name": "number of MeOH tanks",
        "possibleScale": [],
        "quantityDimensionSymbol": null,
        "revisionNumber": 1081,
        "shortName": "num_of_MeOH_tanks",
        "symbol": "num_of_MeOH_tanks",
        "thingPreference": null
    },
    {
        "alias": [],
        "allowMultiSelect": false,
        "category": [],
        "classKind": "EnumerationParameterType",
        "definition": [],
        "excludedDomain": [],
        "excludedPerson": [],
        "hyperLink": [],
        "iid": "5e7c58bb-4c6b-4e42-b87d-7a2b58ead644",
        "isDeprecated": false,
        "modifiedOn": "2024-08-27T12:26:46.777Z",
        "name": "Shape",
        "revisionNumber": 1081,
        "shortName": "kind",
        "symbol": "shape",
        "thingPreference": null,
        "valueDefinition": [
            {
                "k": -11787917,
                "v": "ca9fb920-cc22-46e1-bf5c-52f89921a333"
            },
            {
                "k": 76564103,
                "v": "91831070-918c-40b0-a3f6-fa07961e98d8"
            },
            {
                "k": 185969515,
                "v": "fa4d7914-f534-4ff7-92d0-6222c0961935"
            }
        ]
    },
    {
        "alias": [],
        "classKind": "Category",
        "definition": [],
        "excludedDomain": [],
        "excludedPerson": [],
        "hyperLink": [],
        "iid": "61d1b772-9875-4d98-b1dc-ce9193eb3d15",
        "isAbstract": false,
        "isDeprecated": false,
        "modifiedOn": "2024-07-30T10:05:44.578Z",
        "name": "Fuel",
        "permissibleClass": [
            "ElementDefinition",
            "ElementUsage"
        ],
        "revisionNumber": 1081,
        "shortName": "FUEL",
        "superCategory": [],
        "thingPreference": null
    },
    {
        "classKind": "ParameterTypeComponent",
        "excludedDomain": [],
        "excludedPerson": [],
        "iid": "68dc3abb-da14-45d3-af00-a62cf159f32c",
        "modifiedOn": "2024-08-27T11:41:45.685Z",
        "parameterType": "f21ab317-c896-4567-abd0-68bd2ec42592",
        "revisionNumber": 1081,
        "scale": "56863161-fa3a-47b8-a3cd-16465f734b27",
        "shortName": "r22",
        "thingPreference": null
    },
    {
        "alias": [],
        "category": [],
        "classKind": "SpecializedQuantityKind",
        "defaultScale": "3d5bddb6-640f-4d79-9c35-64a554946884",
        "definition": [],
        "excludedDomain": [],
        "excludedPerson": [],
        "general": "56d04e21-e008-4cec-82f6-1bc11cacb2f8",
        "hyperLink": [],
        "iid": "6a14e740-b0a6-483d-9f01-130c3ff21d7f",
        "isDeprecated": true,
        "modifiedOn": "2024-08-07T11:56:02.027Z",
        "name": "center of gravity Z of fuel only",
        "possibleScale": [],
        "quantityDimensionSymbol": null,
        "revisionNumber": 1081,
        "shortName": "CoG_Z_fuel",
        "symbol": "CoG_Z_fuel",
        "thingPreference": null
    },
    {
        "alias": [],
        "category": [],
        "classKind": "SpecializedQuantityKind",
        "defaultScale": "e8e6b3bb-ed70-4bc9-9e2c-6a2c04bc41ee",
        "definition": [],
        "excludedDomain": [],
        "excludedPerson": [],
        "general": "e98d7d65-7a1a-45cf-93ea-e8c37f21a522",
        "hyperLink": [],
        "iid": "6dc27f96-60c3-400c-a00e-79a50d4154c8",
        "isDeprecated": false,
        "modifiedOn": "2024-07-30T09:02:22.342Z",
        "name": "endurance on MGO",
        "possibleScale": [],
        "quantityDimensionSymbol": null,
        "revisionNumber": 1081,
        "shortName": "endur_MGO",
        "symbol": "endur_MGO",
        "thingPreference": null
    },
    {
        "classKind": "ParameterTypeComponent",
        "excludedDomain": [],
        "excludedPerson": [],
        "iid": "7e4ff8fd-ecb9-4eef-a741-e12f36c6ee9b",
        "modifiedOn": "2024-08-27T11:41:45.685Z",
        "parameterType": "f21ab317-c896-4567-abd0-68bd2ec42592",
        "revisionNumber": 1081,
        "scale": "56863161-fa3a-47b8-a3cd-16465f734b27",
        "shortName": "r32",
        "thingPreference": null
    },
    {
        "alias": [],
        "category": [],
        "classKind": "SpecializedQuantityKind",
        "defaultScale": "3d5bddb6-640f-4d79-9c35-64a554946884",
        "definition": [],
        "excludedDomain": [],
        "excludedPerson": [],
        "general": "9d5f949b-510d-42cd-a6ee-34bc2ee5bc0e",
        "hyperLink": [],
        "iid": "7e876ce6-3157-4149-821b-b7bb1fc54105",
        "isDeprecated": false,
        "modifiedOn": "2024-08-27T12:08:54.930Z",
        "name": "Diameter",
        "possibleScale": [],
        "quantityDimensionSymbol": "m",
        "revisionNumber": 1081,
        "shortName": "wid_diameter",
        "symbol": "d",
        "thingPreference": null
    },
    {
        "alias": [],
        "category": [],
        "classKind": "SpecializedQuantityKind",
        "defaultScale": "6efa6c7d-a3e8-435d-a75a-582cc99e9321",
        "definition": [],
        "excludedDomain": [],
        "excludedPerson": [],
        "general": "651e1875-9236-4bd2-b3a7-fd89797ebdd8",
        "hyperLink": [],
        "iid": "86499335-451a-4b05-9810-05260b03c3dd",
        "isDeprecated": true,
        "modifiedOn": "2024-07-29T12:29:44.867Z",
        "name": "Power output",
        "possibleScale": [],
        "quantityDimensionSymbol": "",
        "revisionNumber": 1081,
        "shortName": "P_out",
        "symbol": "P_out",
        "thingPreference": null
    },
    {
        "alias": [],
        "classKind": "EnumerationValueDefinition",
        "definition": [],
        "excludedDomain": [],
        "excludedPerson": [],
        "hyperLink": [],
        "iid": "91831070-918c-40b0-a3f6-fa07961e98d8",
        "modifiedOn": "2024-08-27T12:03:36.255Z",
        "name": "Cone",
        "revisionNumber": 1081,
        "shortName": "cone",
        "thingPreference": null
    },
    {
        "alias": [],
        "category": [],
        "classKind": "SpecializedQuantityKind",
        "defaultScale": "d34ed55a-6583-4e21-a845-630ce88a0cb9",
        "definition": [],
        "excludedDomain": [],
        "excludedPerson": [],
        "general": "5918f3c3-a61b-48e1-8cea-95b12f55f827",
        "hyperLink": [],
        "iid": "9b87e60a-5c49-4ca5-bb61-e82f218f3a59",
        "isDeprecated": false,
        "modifiedOn": "2024-07-29T14:09:10.127Z",
        "name": "List",
        "possibleScale": [
            "d34ed55a-6583-4e21-a845-630ce88a0cb9"
        ],
        "quantityDimensionSymbol": null,
        "revisionNumber": 1081,
        "shortName": "LIST",
        "symbol": "phi",
        "thingPreference": null
    },
    {
        "classKind": "ParameterTypeComponent",
        "excludedDomain": [],
        "excludedPerson": [],
        "iid": "9cd9fb8f-d1cf-4b93-b6fb-e5a52d606d18",
        "modifiedOn": "2024-08-27T11:41:45.685Z",
        "parameterType": "f21ab317-c896-4567-abd0-68bd2ec42592",
        "revisionNumber": 1081,
        "scale": "56863161-fa3a-47b8-a3cd-16465f734b27",
        "shortName": "r12",
        "thingPreference": null
    },
    {
        "alias": [],
        "category": [],
        "classKind": "SpecializedQuantityKind",
        "defaultScale": "e8e6b3bb-ed70-4bc9-9e2c-6a2c04bc41ee",
        "definition": [],
        "excludedDomain": [],
        "excludedPerson": [],
        "general": "e98d7d65-7a1a-45cf-93ea-e8c37f21a522",
        "hyperLink": [],
        "iid": "a320372d-025b-48cd-ad62-8c781be74744",
        "isDeprecated": false,
        "modifiedOn": "2024-07-29T15:51:19.175Z",
        "name": "endurance on MeOH",
        "possibleScale": [],
        "quantityDimensionSymbol": null,
        "revisionNumber": 1081,
        "shortName": "endur_MeOH",
        "symbol": "endur_MeOH",
        "thingPreference": null
    },
    {
        "alias": [],
        "category": [],
        "classKind": "SpecializedQuantityKind",
        "defaultScale": "3d5bddb6-640f-4d79-9c35-64a554946884",
        "definition": [],
        "excludedDomain": [],
        "excludedPerson": [],
        "general": "56d04e21-e008-4cec-82f6-1bc11cacb2f8",
        "hyperLink": [],
        "iid": "aa84da9c-a17f-4b54-a1e8-d13652d695af",
        "isDeprecated": false,
        "modifiedOn": "2024-07-29T13:40:21.769Z",
        "name": "draft",
        "possibleScale": [],
        "quantityDimensionSymbol": null,
        "revisionNumber": 1081,
        "shortName": "DRAFT",
        "symbol": "D",
        "thingPreference": null
    },
    {
        "alias": [],
        "category": [],
        "classKind": "SpecializedQuantityKind",
        "defaultScale": "3d5bddb6-640f-4d79-9c35-64a554946884",
        "definition": [],
        "excludedDomain": [],
        "excludedPerson": [],
        "general": "56d04e21-e008-4cec-82f6-1bc11cacb2f8",
        "hyperLink": [],
        "iid": "af599d73-1e8d-4f85-a89b-5778cf7da3ef",
        "isDeprecated": false,
        "modifiedOn": "2024-07-29T13:40:38.959Z",
        "name": "metacentric height GM",
        "possibleScale": [],
        "quantityDimensionSymbol": null,
        "revisionNumber": 1081,
        "shortName": "GM",
        "symbol": "GM",
        "thingPreference": null
    },
    {
        "alias": [],
        "category": [],
        "classKind": "SpecializedQuantityKind",
        "defaultScale": "3d5bddb6-640f-4d79-9c35-64a554946884",
        "definition": [],
        "excludedDomain": [],
        "excludedPerson": [],
        "general": "56d04e21-e008-4cec-82f6-1bc11cacb2f8",
        "hyperLink": [],
        "iid": "b03a2ec2-6c9b-4467-ab4d-f7b6fc87a02f",
        "isDeprecated": true,
        "modifiedOn": "2024-07-29T12:21:32.303Z",
        "name": "Metacentric height GM",
        "possibleScale": [],
        "quantityDimensionSymbol": null,
        "revisionNumber": 1081,
        "shortName": "GM",
        "symbol": "GM",
        "thingPreference": null
    },
    {
        "alias": [],
        "category": [],
        "classKind": "SpecializedQuantityKind",
        "defaultScale": "6efa6c7d-a3e8-435d-a75a-582cc99e9321",
        "definition": [],
        "excludedDomain": [],
        "excludedPerson": [],
        "general": "651e1875-9236-4bd2-b3a7-fd89797ebdd8",
        "hyperLink": [],
        "iid": "b4676656-31b8-4c3c-9118-a3db51882a23",
        "isDeprecated": false,
        "modifiedOn": "2024-07-29T12:32:02.752Z",
        "name": "Power output",
        "possibleScale": [],
        "quantityDimensionSymbol": null,
        "revisionNumber": 1081,
        "shortName": "P_out",
        "symbol": "P_out",
        "thingPreference": null
    },
    {
        "alias": [],
        "category": [],
        "classKind": "SpecializedQuantityKind",
        "defaultScale": "6b24b193-2f82-43b7-99c3-827f0ba06d0c",
        "definition": [],
        "excludedDomain": [],
        "excludedPerson": [],
        "general": "4b14fde1-1eab-4380-998f-a284e88b8601",
        "hyperLink": [],
        "iid": "bb8c4697-c1d3-472b-ac01-86d36818a0fd",
        "isDeprecated": false,
        "modifiedOn": "2024-08-16T08:18:13.395Z",
        "name": "Cofferdam volume penalty",
        "possibleScale": [],
        "quantityDimensionSymbol": null,
        "revisionNumber": 1081,
        "shortName": "Coff_V_penal",
        "symbol": "Coff_V_penal",
        "thingPreference": null
    },
    {
        "classKind": "ParameterTypeComponent",
        "excludedDomain": [],
        "excludedPerson": [],
        "iid": "c0897430-4f18-49d8-8887-1c919cedee10",
        "modifiedOn": "2024-08-27T11:41:45.685Z",
        "parameterType": "f21ab317-c896-4567-abd0-68bd2ec42592",
        "revisionNumber": 1081,
        "scale": "56863161-fa3a-47b8-a3cd-16465f734b27",
        "shortName": "r33",
        "thingPreference": null
    },
    {
        "alias": [],
        "category": [],
        "classKind": "SpecializedQuantityKind",
        "defaultScale": "3d5bddb6-640f-4d79-9c35-64a554946884",
        "definition": [],
        "excludedDomain": [],
        "excludedPerson": [],
        "general": "56d04e21-e008-4cec-82f6-1bc11cacb2f8",
        "hyperLink": [],
        "iid": "c177af3d-911e-43f6-aa90-14bf88079b52",
        "isDeprecated": false,
        "modifiedOn": "2024-08-07T11:57:14.122Z",
        "name": "center of gravity Z of fuel only",
        "possibleScale": [],
        "quantityDimensionSymbol": null,
        "revisionNumber": 1081,
        "shortName": "CoG_Z_fuel",
        "symbol": "CoG_Z_fuel",
        "thingPreference": null
    },
    {
        "alias": [],
        "category": [],
        "classKind": "SimpleQuantityKind",
        "defaultScale": "56863161-fa3a-47b8-a3cd-16465f734b27",
        "definition": [],
        "excludedDomain": [],
        "excludedPerson": [],
        "hyperLink": [],
        "iid": "c596d939-0247-4816-8cda-ab9d6a6a5ae9",
        "isDeprecated": true,
        "modifiedOn": "2024-08-27T14:06:24.201Z",
        "name": "Color",
        "possibleScale": [
            "56863161-fa3a-47b8-a3cd-16465f734b27"
        ],
        "quantityDimensionSymbol": null,
        "revisionNumber": 1081,
        "shortName": "old_color",
        "symbol": "color",
        "thingPreference": null
    },
    {
        "alias": [],
        "classKind": "EnumerationValueDefinition",
        "definition": [],
        "excludedDomain": [],
        "excludedPerson": [],
        "hyperLink": [],
        "iid": "ca9fb920-cc22-46e1-bf5c-52f89921a333",
        "modifiedOn": "2024-08-27T12:03:08.174Z",
        "name": "Box",
        "revisionNumber": 1081,
        "shortName": "box",
        "thingPreference": null
    },
    {
        "classKind": "ParameterTypeComponent",
        "excludedDomain": [],
        "excludedPerson": [],
        "iid": "ce25ac78-2357-4e5e-9669-8b8da67c4ac6",
        "modifiedOn": "2024-08-27T11:41:45.685Z",
        "parameterType": "f21ab317-c896-4567-abd0-68bd2ec42592",
        "revisionNumber": 1081,
        "scale": "56863161-fa3a-47b8-a3cd-16465f734b27",
        "shortName": "r21",
        "thingPreference": null
    },
    {
        "alias": [],
        "category": [],
        "classKind": "SpecializedQuantityKind",
        "defaultScale": "c9b39c7d-24d3-4e1a-b7be-5643be714dac",
        "definition": [],
        "excludedDomain": [],
        "excludedPerson": [],
        "general": "eff75bfd-f203-419d-bd34-c36a56d7c3f9",
        "hyperLink": [],
        "iid": "d575098b-369d-4e41-aeea-cbd2bf4dcdb6",
        "isDeprecated": false,
        "modifiedOn": "2024-07-30T14:03:02.370Z",
        "name": "tank capacity - MGO",
        "possibleScale": [],
        "quantityDimensionSymbol": null,
        "revisionNumber": 1081,
        "shortName": "V_MGO",
        "symbol": "V_MGO",
        "thingPreference": null
    },
    {
        "classKind": "ParameterTypeComponent",
        "excludedDomain": [],
        "excludedPerson": [],
        "iid": "d800a93b-bca5-422f-9d32-0500aa045bba",
        "modifiedOn": "2024-08-27T11:41:45.685Z",
        "parameterType": "f21ab317-c896-4567-abd0-68bd2ec42592",
        "revisionNumber": 1081,
        "scale": "56863161-fa3a-47b8-a3cd-16465f734b27",
        "shortName": "r23",
        "thingPreference": null
    },
    {
        "alias": [],
        "category": [],
        "classKind": "ArrayParameterType",
        "component": [
            {
                "k": 12546552,
                "v": "fb7f7075-c972-4de7-9170-99ed9e9f6958"
            },
            {
                "k": 112179940,
                "v": "9cd9fb8f-d1cf-4b93-b6fb-e5a52d606d18"
            },
            {
                "k": 207419625,
                "v": "0edd95f2-4318-40cb-ad85-f8b7540657b5"
            },
            {
                "k": 326940173,
                "v": "ce25ac78-2357-4e5e-9669-8b8da67c4ac6"
            },
            {
                "k": 446029842,
                "v": "68dc3abb-da14-45d3-af00-a62cf159f32c"
            },
            {
                "k": 553029694,
                "v": "d800a93b-bca5-422f-9d32-0500aa045bba"
            },
            {
                "k": 643240917,
                "v": "df910d2a-0e2a-4cba-8eff-f5057c022548"
            },
            {
                "k": 728086080,
                "v": "7e4ff8fd-ecb9-4eef-a741-e12f36c6ee9b"
            },
            {
                "k": 818593057,
                "v": "c0897430-4f18-49d8-8887-1c919cedee10"
            }
        ],
        "definition": [],
        "dimension": [
            {
                "k": -5163470,
                "v": 3
            },
            {
                "k": 75282580,
                "v": 3
            }
        ],
        "excludedDomain": [],
        "excludedPerson": [],
        "hyperLink": [],
        "iid": "d931fb7a-3b13-4013-b57c-7e1f6245ef14",
        "isDeprecated": false,
        "isFinalized": false,
        "isTensor": true,
        "modifiedOn": "2024-08-27T11:56:31.596Z",
        "name": "Orientation",
        "revisionNumber": 1081,
        "shortName": "orientation",
        "symbol": "orientation",
        "thingPreference": null
    },
    {
        "classKind": "ParameterTypeComponent",
        "excludedDomain": [],
        "excludedPerson": [],
        "iid": "df910d2a-0e2a-4cba-8eff-f5057c022548",
        "modifiedOn": "2024-08-27T11:41:45.685Z",
        "parameterType": "f21ab317-c896-4567-abd0-68bd2ec42592",
        "revisionNumber": 1081,
        "scale": "56863161-fa3a-47b8-a3cd-16465f734b27",
        "shortName": "r31",
        "thingPreference": null
    },
    {
        "alias": [],
        "category": [],
        "classKind": "SimpleQuantityKind",
        "defaultScale": "61ce4bb0-8301-4061-8e45-0c6682db9a9f",
        "definition": [],
        "excludedDomain": [],
        "excludedPerson": [],
        "hyperLink": [],
        "iid": "e313145c-e86f-4900-b173-514f8f617b75",
        "isDeprecated": false,
        "modifiedOn": "2024-08-01T09:20:57.139Z",
        "name": "Cofferdam mass penalty",
        "possibleScale": [
            "61ce4bb0-8301-4061-8e45-0c6682db9a9f"
        ],
        "quantityDimensionSymbol": null,
        "revisionNumber": 1081,
        "shortName": "Coff_penal",
        "symbol": "C_penal",
        "thingPreference": null
    },
    {
        "alias": [],
        "classKind": "EnumerationValueDefinition",
        "definition": [],
        "excludedDomain": [],
        "excludedPerson": [],
        "hyperLink": [],
        "iid": "fa4d7914-f534-4ff7-92d0-6222c0961935",
        "modifiedOn": "2024-08-27T12:03:47.232Z",
        "name": "Cylinder",
        "revisionNumber": 1081,
        "shortName": "cylinder",
        "thingPreference": null
    },
    {
        "classKind": "ParameterTypeComponent",
        "excludedDomain": [],
        "excludedPerson": [],
        "iid": "fb7f7075-c972-4de7-9170-99ed9e9f6958",
        "modifiedOn": "2024-08-27T11:41:45.685Z",
        "parameterType": "f21ab317-c896-4567-abd0-68bd2ec42592",
        "revisionNumber": 1081,
        "scale": "56863161-fa3a-47b8-a3cd-16465f734b27",
        "shortName": "r11",
        "thingPreference": null
    }
]